{
    "rho": 39.86302426337966,
    "rho_axon": 193.38463144358352,
    "avg_seg_len": 12.079,
    "std_seg_len": 1.952,
    "seg_chunk_size": 24.30
}